index,Urban_Rural,occupied_percent,house_value_median,household_income_median,age_median,malepercent,femalepercent,nonhispanic_percent,hispanic_percent,white_percent,black_percent,asian_percent,pacific_percent,native_percent,missing_race,county_data,median_family_percent,site
1,Mixed,0.7,210500,67250,55.1,0.52,0.48,0.99,0.01,0.98,0,0,0,0,0.02,0,98.25,1
2,Rural,0.79,256100,80750,45.7,0.5,0.5,1,0,1,0,0,0,0,0,0,102.07,1
4,Rural,0.87,307200,68269,57,0.48,0.52,0.99,0.01,0.39,0.6,0,0,0,0.01,0,66.01,1
5,Rural,146750,472400,72182,59.6,0.61,0.4,0.98,0.02,0.93,0,0.01,0,0,0.06,0,113.61,1
6,Mixed,0.97,260900,79601,42.6,0.52,0.48,1,0,0.94,0,0.01,0,0,0.05,0,123.63,1
7,Rural,0.73,312900,76115,53.2,0.64,0.36,0.53,0.47,0.66,0,0.21,0,0,0.13,0,121.06,1
9,Rural,74514,200400,26271,38.3,0.48,0.52,0.99,0.02,0.99,0,0,0,0,0.01,0,110.45,1
10,Mixed,0.93,269700,78380,44.5,0.48,0.52,0.97,0.03,0.91,0.01,0.01,0,0,0.07,1,129.86,1
11,Rural,0.68,102800,57639,52.8,0.46,0.54,1,0,0.16,0.8,0.02,0,0,0.02,0,94.87,1
12,Mixed,0.82,76200,55997,48.5,0.39,0.61,1,0.01,0.96,0,0,0,0,0.04,0,90.51,1
13,Mixed,0.84,500000,72344,63.8,0.47,0.53,0.92,0.08,0.92,0,0,0,0,0.08,0,141.42,1
14,Mixed,1,964800,178281,57.7,0.47,0.53,0.99,0.01,1,0,0.01,0,0,-0.01,0,164.25,1
15,Mixed,0.95,218100,84688,44.3,0.55,0.45,0.89,0.11,0.98,0,0,0,0,0.02,0,87.24,1
16,Mixed,0.66,174200,50893,58,0.53,0.47,0.98,0.02,1,0,0,0,0,0,0,105.87,1
17,Rural,0.99,313700,88088,39.5,0.54,0.46,1,0,0.95,0.01,0,0,0,0.04,0,96.42,1
18,Urban,0.96,420800,118220,42.4,0.47,0.53,0.97,0.03,0.88,0.01,0.06,0,0,0.05,1,91.31,1
19,Rural,0.93,194900,87679,46.7,0.53,0.47,0.99,0.01,0.99,0,0,0,0,0.01,0,112.08,1
20,Rural,0.36,159200,64844,59.3,0.6,0.4,0.9,0.1,0.96,0,0,0,0,0.04,0,113.89,1
21,Mixed,0.89,761500,131010,54.9,0.47,0.53,0.97,0.03,0.87,0,0.03,0,0,0.1,0,167.5,1
22,Mixed,0.77,403700,68875,62.8,0.38,0.62,0.99,0.01,0.8,0.13,0,0,0,0.07,0,140.75,1
23,Mixed,0.7,91400,54554,38.5,0.37,0.63,0.99,0.01,0.97,0,0.03,0,0,0,0,77.68,1
24,Mixed,0.7,91400,54554,38.5,0.37,0.63,0.99,0.01,0.97,0,0.03,0,0,0,0,77.68,1
25,Mixed,0.81,267600,64741,35.2,0.53,0.47,0.92,0.08,0.92,0,0,0,0,0.08,0,90.62,1
26,Mixed,0.96,514900,135811,46,0.44,0.56,0.88,0.12,0.73,0.14,0.02,0,0,0.11,0,137.8,1
27,Mixed,0.7,91400,54554,38.5,0.37,0.63,0.99,0.01,0.97,0,0.03,0,0,0,0,77.68,1
28,Mixed,0.7,91400,54554,38.5,0.37,0.63,0.99,0.01,0.97,0,0.03,0,0,0,0,77.68,1
29,Mixed,0.81,267600,64741,35.2,0.53,0.47,0.92,0.08,0.92,0,0,0,0,0.08,0,90.62,1
31,Mixed,1,360000,56995,38.3,0.54,0.47,1,0,1,0,0,0,0,0,0,71.87,1
32,Rural,80865,207700,42079,43.5,0.54,0.46,0.99,0.01,0.95,0,0,0,0.01,0.04,0,99.74,1
33,Rural,0.56,177400,61382,45.7,0.54,0.47,1,0,0.93,0,0,0,0.03,0.04,0,80.06,1
34,Rural,24659,134100,15104,43.3,0.54,0.46,1,0,0.19,0.71,0,0,0,0.1,0,48.13,1
35,Mixed,0.95,205900,49280,44.8,0.46,0.54,0.91,0.09,0.73,0,0,0,0.23,0.04,0,129.87,1
36,Mixed,1,321800,86495,33.9,0.58,0.42,1,0,1,0,0,0,0,0,0,65.83,1
37,Mixed,29628,182800,24616,38.3,0.5,0.51,0.72,0.28,0.43,0.51,0,0,0,0.06,0,50.85,1
38,Mixed,0.92,193100,65085,40.2,0.52,0.48,0.95,0.05,0.89,0.02,0,0,0,0.09,1,103.84,1
39,Mixed,0.71,446900,97844,73.1,0.43,0.57,1,0,1,0,0,0,0,0,0,108.01,1
40,Mixed,0.86,387400,132768,39,0.53,0.47,0.99,0.01,0.88,0.03,0.04,0,0,0.05,0,112.6,1
41,Mixed,0.52,181800,68714,40.7,0.71,0.29,0.94,0.06,0.27,0.72,0,0,0,0.01,0,118.72,1
42,Rural,0.64,778100,250001,38.9,0.54,0.46,1,0,1,0,0,0,0,0,0,169.58,1
43,Rural,80417,144000,47568,51.1,0.52,0.48,1,0,0.96,0,0.02,0,0,0.02,0,119.53,1
44,Mixed,0.91,346800,86023,49.4,0.53,0.47,1,0,0.95,0,0.01,0,0,0.04,0,142.03,1
45,Mixed,0.96,147200,61667,51.9,0.5,0.5,0.97,0.03,0.95,0.02,0,0,0,0.03,0,54.31,1
46,Rural,0.87,396900,122566,55.5,0.55,0.45,0.97,0.04,0.95,0,0.04,0,0,0.01,0,144.49,1
47,Rural,0.93,219000,82500,50.8,0.53,0.47,0.98,0.02,0.96,0,0.02,0,0,0.02,0,106.87,1
48,Mixed,0.97,218200,79865,52.3,0.56,0.44,0.97,0.03,0.98,0,0,0,0,0.02,0,72.03,1
49,Mixed,1,359700,117188,36.2,0.49,0.51,0.85,0.15,0.99,0,0,0,0.01,0,0,101.51,1
50,Mixed,0.75,430900,139306,45.4,0.53,0.47,0.95,0.05,1,0,0,0,0,0,0,85.56,1
51,Mixed,88173,230300,36597,37.8,0.57,0.43,1,0,1,0,0,0,0,0,0,115.06,1
52,Mixed,0.99,265500,91075,41.7,0.52,0.48,1,0,1,0,0,0,0,0,0,112.86,1
53,Rural,52344,78100,34919,44.5,0.55,0.45,0.88,0.12,0.96,0.04,0,0,0,0,0,120.13,1
54,Urban,0.41,263400,58295,67.8,0.43,0.57,1,0,0.95,0,0,0,0,0.05,0,97.01,1
55,Mixed,0.9,343000,94353,54.4,0.47,0.53,0.96,0.04,0.96,0.03,0.02,0,0,-0.01,0,167.72,1
56,Mixed,0.76,326400,94141,57.3,0.48,0.52,0.98,0.02,0.93,0,0.04,0,0,0.03,0,110.51,1
57,Mixed,0.89,,62998,21.6,0.69,0.31,0.66,0.34,0.7,0.13,0.06,0.01,0.02,0.08,1,55.42,1
58,Mixed,0.88,1958300,162375,53.8,0.59,0.41,0.98,0.02,0.99,0,0,0,0,0.01,0,159.81,1
59,Rural,0.9,205500,67063,47.6,0.47,0.53,0.97,0.03,0.97,0,0.01,0,0,0.02,0,136.9,1
60,Rural,0.95,260000,68843,35.4,0.55,0.45,0.67,0.33,0.96,0.01,0,0,0.02,0.01,0,82.37,1
61,Mixed,0.9,167900,72500,48.6,0.56,0.44,1,0,0.9,0.01,0,0,0,0.09,0,99.91,1
62,Mixed,0.99,358100,77321,60.6,0.48,0.52,0.96,0.04,0.96,0,0,0,0.02,0.02,0,83.33,1
63,Mixed,86923,240800,67099,54.3,0.55,0.45,0.99,0.01,0.94,0,0.02,0,0,0.04,0,134.05,1
64,Rural,0.79,269300,67981,50.7,0.52,0.48,0.98,0.02,0.93,0,0,0,0,0.07,0,82.93,1
65,Rural,104314,540600,39221,46.6,0.65,0.35,1,0,0.98,0,0,0,0.01,0.01,0,108.31,1
66,Mixed,1,359700,117188,36.2,0.49,0.51,0.85,0.15,0.99,0,0,0,0.01,0,0,101.51,1
67,Mixed,0.75,430900,139306,45.4,0.53,0.47,0.95,0.05,1,0,0,0,0,0,0,85.56,1
68,Mixed,0.83,349100,115807,50,0.46,0.54,0.95,0.05,0.91,0.01,0.03,0,0,0.05,0,113.91,1
69,Mixed,0.79,341200,403700,29.3,0.47,0.53,1,0,0.9,0.1,0,0,0,0,0,114.87,1
71,Rural,0.97,242700,98317,46.5,0.54,0.46,0.99,0.01,0.9,0.02,0.01,0,0,0.07,1,0,1
73,Rural,0.7,91400,54554,38.5,0.37,0.63,0.99,0.01,0.97,0,0.03,0,0,0,0,77.68,1
74,Rural,0.7,91400,54554,38.5,0.37,0.63,0.99,0.01,0.97,0,0.03,0,0,0,0,77.68,1
75,Rural,0.81,267600,64741,35.2,0.53,0.47,0.92,0.08,0.92,0,0,0,0,0.08,0,90.62,1
,Rural,0.519,25559,40000,61.7,0.513,0.487,0.994,0.006,0.927,0.004,0,0,0.057,0.012,0,74.52,0
,Mixed,0.974,53936,110625,55.1,0.544,0.456,1,0,0.985,0.015,0,0,0,0,0,118.11,0
,Rural,0.846,29681,71213,35,0.47,0.53,0.957,0.043,0.972,0,0.004,0.01,0,0.014,0,89.68,0
,Rural,0.593,21136,75833,46.6,0.526,0.474,0.962,0.038,0.965,0,0,0,0.018,0.017,0,107.52,0
,Rural,0.932,24561,49307,43.3,0.487,0.513,1,0,0.501,0.226,0,0,0,0.273,0,94.01,0
,Rural,0.874,86883,80417,51.1,0.517,0.483,0.997,0.003,0.959,0.002,0.018,0,0.001,0.02,0,119.53,0
,Rural,0.473,-222222222,63352,44.2,0.597,0.403,0.365,0.635,0.788,0.108,0,0,0.1,0.004,0,60.01,0
,Rural,0.327,-222222222,20870,64.5,0.559,0.441,0.763,0.237,1,0,0,0,0,0,0,95.44,0
,Mixed,0.979,32543,120884,47.2,0.516,0.484,0.981,0.019,0.994,0,0.001,0,0,0.005,0,117.67,0
,Rural,0.848,66484,59859,31.8,0.508,0.492,0.871,0.129,0.938,0,0,0,0,0.062,0,71.62,0
,Mixed,0.986,45091,89797,43.3,0.522,0.478,0.937,0.063,0.946,0.01,0.003,0,0,0.041,0,143.13,0
,Rural,0.869,103776,136250,50.9,0.403,0.597,0.929,0.071,0.94,0,0,0,0,0.06,0,73.39,0
,Mixed,0.785,50028,55089,40.3,0.605,0.395,0.982,0.018,0.977,0,0,0,0.006,0.017,0,120.28,0
,Rural,0.071,58233,80625,54.7,0.424,0.576,1,0,0.939,0,0,0,0,0.061,0,89.96,0
,Rural,0.833,137575,104199,43,0.525,0.475,0.96,0.04,0.98,0.002,0,0,0,0.018,0,95.73,0
,Rural,0.821,22641,66250,51.3,0.507,0.493,0.964,0.036,0.932,0,0,0,0,0.068,0,117.79,0
,Mixed,0.526,56206,59338,44.4,0.529,0.471,0.957,0.043,0.986,0,0,0,0,0.014,0,131.42,0
,Rural,0.824,36545,89954,54,0.458,0.542,1,0,0.986,0,0,0,0,0.014,0,102.59,0
,Mixed,0.828,63315,82188,48.6,0.477,0.523,0.969,0.031,0.971,0,0,0,0.008,0.021,0,134.88,0
,Rural,0.777,49616,82841,46.7,0.574,0.426,1,0,0.992,0,0,0,0,0.008,0,97,0
,Rural,0.762,28834,105000,37.7,0.587,0.413,0.96,0.04,0.969,0.006,0.02,0,0,0.005,0,111.18,0
,Rural,0.793,42645,-6.67E+08,36.2,0.404,0.596,0.859,0.141,0.289,0.711,0,0,0,0,0,138.21,0
,Rural,0.758,44299,81250,43.3,0.532,0.468,0.978,0.022,0.972,0,0,0,0.004,0.024,0,85.41,0
,Rural,0.823,14434,81406,50,0.548,0.452,0.999,0.001,0.987,0,0,0,0,0.013,0,118.79,0
,Rural,0.524,24377,53846,58.5,0.511,0.489,0.979,0.021,0.842,0.012,0.009,0,0.043,0.094,0,83.27,0
,Rural,0.709,42724,94348,55.7,0.561,0.439,0.634,0.366,0.84,0,0.006,0.006,0.024,0.124,0,88.46,0
,Rural,0.855,70472,89559,49.6,0.521,0.479,0.938,0.062,0.984,0,0.006,0,0,0.01,0,67.25,0
,Rural,0.32,-222222222,-6.67E+08,55.2,0.678,0.322,0.971,0.029,0.554,0.313,0,0.108,0,0.025,0,104.71,0
,Mixed,0.955,68128,59926,40.4,0.531,0.469,0.806,0.194,0.973,0,0,0,0,0.027,0,64.65,0
,Rural,0.97,28018,81188,40.7,0.511,0.489,1,0,0.963,0,0,0,0,0.037,0,115.46,0
,Rural,0.724,105603,67734,45.2,0.489,0.511,1,0,0.928,0.017,0,0,0,0.055,0,99.66,0
,Rural,0.828,12433,45667,51.7,0.601,0.399,0.975,0.025,0.959,0,0,0,0.011,0.03,0,97.86,0
,Rural,0.924,100892,86750,42.8,0.566,0.434,0.957,0.043,0.812,0.006,0,0,0.009,0.173,0,83.83,0
,Rural,0.859,23443,82917,36.9,0.559,0.441,0.955,0.045,0.998,0,0,0,0,0.002,0,134.98,0
,Rural,0.937,12174,52688,42.4,0.482,0.518,0.969,0.031,0.857,0.041,0.001,0,0,0.101,0,97.21,0
,Rural,0.853,30002,101181,39.6,0.498,0.502,0.938,0.062,0.831,0.151,0,0,0,0.018,0,112.64,0
,Rural,0.293,46956,94375,65.2,0.483,0.517,0.996,0.004,0.959,0.006,0,0,0.007,0.028,0,112.51,0
,Mixed,0.859,-222222222,43214,60.5,0.426,0.574,0.964,0.036,0.98,0,0,0,0,0.02,0,88.53,0
,Mixed,0.891,53433,67967,51.6,0.506,0.494,0.82,0.18,0.953,0,0.042,0,0,0.005,0,104.28,0
,Rural,0.853,80809,62098,38.9,0.503,0.497,0.998,0.002,0.966,0,0,0,0,0.034,0,86.83,0
,Mixed,1,132586,83368,47.8,0.405,0.595,0.892,0.108,0.708,0.179,0.016,0,0.005,0.092,0,95.27,0
,Rural,1,102689,162500,48.4,0.546,0.454,0.984,0.016,0.963,0.014,0,0,0,0.023,0,92.33,0
,Rural,0.984,33456,47974,32.9,0.495,0.505,0.976,0.024,0.99,0.004,0.001,0,0,0.005,0,60.87,0
,Rural,0.826,34345,50527,46.7,0.489,0.511,0.997,0.003,0.996,0,0,0,0.002,0.002,0,84.11,0
,Rural,0.828,33009,64145,36.7,0.653,0.347,0.869,0.131,0.754,0.133,0.006,0,0,0.107,0,101.95,0
,Rural,0.808,162734,84948,36.2,0.463,0.537,0.947,0.053,0.929,0,0,0.009,0,0.062,0,129.5,0
,Rural,0.576,28110,37813,59.3,0.538,0.462,1,0,0.929,0,0,0,0.014,0.057,0,87.57,0
,Rural,0.905,29950,47837,49.1,0.453,0.547,0.969,0.031,0.621,0,0.024,0,0.275,0.08,0,107.47,0
,Rural,0.731,50297,88802,57.7,0.563,0.437,1,0,0.99,0,0,0,0,0.01,0,111.54,0