Site,State,Storage,Type,Latitude,Longitude,Dry_Assy,Dry_IU,Casks,Pool_Assy,Pool_IU,Site_Assy,Site_IU,Urban_Rural
Argonne National Lab,Illinois,Dry,Storage Facility,41.72,-87.9783,,,,,,,,Mixed
Savannah River Site,Georgia,Dry/Wet,Storage Facility,33.3403,-81.7453,,,,,,,,Rural
BWX Technologies - Fuel Cycle Facility,Virginia,Wet,Other,37.403611,-79.77,37.401846,-79.773983,0.96,rooftop,1237 Villamont Church Rd,,"Blue Ridge, VA 24064",No
Point Beach,Wisconsin,Dry/Wet,NPP,44.2811,-87.5367,1694.0,643.09,56.0,1134,443.57,2828.0,1086.66,Mixed
Kewaunee,Wisconsin,Dry/Wet,NPP,44.3422,-87.5361,1335.0,518.7,38.0,0,0,1335.0,518.7,Rural
Columbia Generating Station,Washington,Dry/Wet,NPP,46.4711,-119.3339,3672.0,645.63,54.0,1192,216.19,4864.0,861.82,
Surry,Virginia,Dry/Wet,NPP,37.1656,-76.6978,2824.0,1295.01,97.0,830,380.23,3654.0,1675.24,Rural
North Anna,Virginia,Dry/Wet,NPP,38.0606,-77.7894,2397.0,1111.67,74.0,1232,569.17,3629.0,1680.84,Rural
Vermont Yankee,Vermont,Dry/Wet,NPP,42.7789,-72.5131,3880.0,705.66,58.0,0,0,3880.0,705.66,Mixed
South Texas,Texas,Wet,NPP,28.7956,-96.0489,814.0,436.21,22.0,2423,1296.93,3237.0,1733.14,Rural
Comanche Peak,Texas,Dry/Wet,NPP,32.2983,-97.785,1728.0,720.15,54.0,1901,808.06,3629.0,1528.21,
Watts Bar,Tennessee,Wet,NPP,35.6028,-84.7894,962.0,443.26,26.0,790,363.18,1752.0,806.44,Rural
Sequoyah,Tennessee,Dry/Wet,NPP,35.2264,-85.0917,2370.0,1086.12,70.0,1548,704.19,3918.0,1790.31,Mixed
Summer,South Carolina,Dry/Wet,NPP,34.2986,-81.3147,444.0,188.81,12.0,1256,535.78,1700.0,724.59,Rural
Robinson,South Carolina,Dry/Wet,NPP,34.4028,-80.1583,800.0,346.42,39.0,302,128.6,1102.0,475.02,Mixed
Oconee,South Carolina,Dry/Wet,NPP,34.7939,-82.8981,4080.0,1907.35,170.0,1455,695.04,5535.0,2602.39,Mixed
Catawba,South Carolina,Dry/Wet,NPP,35.0517,-81.07,1686.0,757.25,54.0,2076,929.08,3762.0,1686.33,Mixed
Three Mile Island,Pennsylvania,Wet,NPP,40.1539,-76.7247,1663.0,786.49,46.0,0,0,1663.0,786.49,Mixed
Susqehanna,Pennsylvania,Dry/Wet,NPP,41.0889,-76.1489,7672.0,1352.67,127.0,3809,674.47,11481.0,2027.14,Mixed
Peach Bottom,Pennsylvania,Dry/Wet,NPP,39.7583,-76.2681,7324.0,1322.42,104.0,5478,992.6,12802.0,2315.02,Rural
Limerick,Pennsylvania,Dry/Wet,NPP,40.2267,-75.5872,3889.0,686.45,61.0,6166,1118.79,10055.0,1805.24,Urban
Beaver Valley,Pennsylvania,Dry/Wet,NPP,40.6233,-80.4306,740.0,342.16,20.0,2374,1096.19,3114.0,1438.35,Rural
Perry,Ohio,Dry/Wet,NPP,41.8008,-81.1433,1877.0,340.15,27.0,3055,550.52,4932.0,890.67,Mixed
Davis-Besse,Ohio,Dry/Wet,NPP,41.5967,-83.0864,496.0,238.02,15.0,1014,481.96,1510.0,719.98,Rural
Shearon Harris,North Carolina,Wet,NPP,35.6333,-78.955,0.0,0.0,0.0,6417,1704.32,6417.0,1704.32,Mixed
McGuire,North Carolina,Dry/Wet,NPP,35.4325,-80.9483,2287.0,1023.87,73.0,2002,910.7,4289.0,1934.57,Mixed
Brunswick,North Carolina,Dry/Wet,NPP,33.9583,-78.0103,3172.0,561.35,52.0,2146,470.57,5318.0,1031.92,Mixed
Nine Mile Point,New York,Dry/Wet,NPP,43.5208,-76.4069,3330.0,588.36,50.0,5706,1019.38,9036.0,1607.74,Mixed
Indian Point,New York,Dry/Wet,NPP,41.2697,-73.9522,2443.0,1070.01,77.0,1558,706.61,4001.0,1776.62,Mixed
Ginna,New York,Dry/Wet,NPP,43.2778,-77.31,448.0,163.95,14.0,1109,416.42,1557.0,580.37,Rural
FitzPatrick,New York,Dry/Wet,NPP,43.5233,-76.3983,2176.0,389.12,32.0,2428,448.87,4604.0,837.99,Mixed
Oyster Creek,New Jersey,Dry/Wet,NPP,39.8147,-74.205,4504.0,802.24,67.0,0,0,4504.0,802.24,Mixed
Hope Creek/Salem,New Jersey,Dry/Wet,NPP,39.4678,-75.5381,3752.0,1078.17,79.0,5325,1605.75,9077.0,2683.92,
Seabrook,New Hampshire,Dry/Wet,NPP,42.8989,-70.8508,960.0,439.52,30.0,727,332.55,1687.0,772.07,Mixed
Fort Calhoun,Nebraska,Dry/Wet,NPP,41.5203,-96.077222,1264.0,465.98,40.0,0,0,1264.0,465.98,Mixed
Cooper,Nebraska,Dry/Wet,NPP,40.3619,-95.6414,1830.0,329.17,30.0,1626,296.59,3456.0,625.76,Rural
Callaway,Missouri,Dry/Wet,NPP,38.761667,-91.78,1110.0,465.82,30.0,1083,461.94,2193.0,927.76,Rural
Grand Gulf,Mississippi,Dry/Wet,NPP,32.0072,-91.0478,2992.0,524.73,44.0,3260,591.65,6252.0,1116.38,Rural
Prairie Island,Minnesota,Dry/Wet,NPP,44.6217,-92.6331,2000.0,735.16,50.0,1087,412.92,3087.0,1148.08,Mixed
Monticello,Minnesota,Dry/Wet,NPP,45.3336,-93.8492,1830.0,317.17,30.0,1052,183.98,2882.0,501.15,Mixed
Palisades,Michigan,Dry/Wet,NPP,42.3228,-86.3144,1355.0,552.69,49.0,698,297.79,2053.0,850.48,Mixed
Fermi,Michigan,Dry/Wet,NPP,41.9628,-83.2575,1564.0,273.96,23.0,2648,471.77,4212.0,745.73,Mixed
D.C. Cook,Michigan,Dry/Wet,NPP,41.975556,-86.565278,1824.0,794.26,57.0,2688,1181.03,4512.0,1975.29,Mixed
Pilgrim,Massachusetts,Dry/Wet,NPP,41.945,-70.5783,4116.0,734.82,62.0,0,0,4116.0,734.82,Mixed
Calvert Cliffs,Maryland,Dry/Wet,NPP,38.4319,-76.4422,2846.0,1105.76,100.0,1411,570.8,4257.0,1676.56,Mixed
Waterford,Louisiana,Dry/Wet,NPP,29.9953,-90.4711,992.0,415.14,31.0,1254,533.11,2246.0,948.25,Mixed
River Bend,Louisiana,Dry/Wet,NPP,30.756667,-91.333333,2516.0,446.74,37.0,2056,369.1,4572.0,815.84,Rural
Wolf Creek,Kansas,Wet,NPP,38.2389,-95.6889,185.0,84.39,5.0,1827,838.63,2012.0,923.02,Rural
Duane Arnold,Iowa,Dry/Wet,NPP,42.1006,-91.7772,3648.0,662.64,60.0,0,0,3648.0,662.64,Mixed
Zion,Illinois,Dry,NPP,42.4461,-87.8028,2226.0,1019.41,61.0,-,-,2226.0,1019.41,Mixed
Quad Cities,Illinois,Dry/Wet,NPP,41.7264,-90.31,4692.0,831.74,69.0,6267,1108.26,10959.0,1940.00,Rural
La Salle,Illinois,Dry/Wet,NPP,41.2456,-88.6692,,,,,,,,Mixed
Dresden,Illinois,Dry/Wet,NPP,41.3894,-88.2533,5365.0,940.8,78.0,5519,972.86,11884.0,1913.66,Mixed
Clinton,Illinois,Wet,NPP,40.1722,-88.835,1602.0,291.0,18.0,2706,492.48,4308.0,783.48,Mixed
Byron,Illinois,Dry/Wet,NPP,42.0742,-89.2819,1536.0,647.44,48.0,2555,1072.78,4091.0,1720.22,Mixed
Braidwood,Illinois,Dry/Wet,NPP,41.2436,-88.2292,1312.0,552.14,41.0,2580,1083.41,3892.0,1635.55,Mixed
Vogtle,Georgia,Dry/Wet,NPP,33.1433,-81.7606,1696.0,741.98,53.0,2255,956.23,3951.0,1698.21,
Hatch,Georgia,Dry/Wet,NPP,31.9342,-82.3439,6392.0,1147.39,94.0,3863,702.64,10255.0,1850.03,Rural
Turkey Point,Florida,Dry/Wet,NPP,25.4342,-80.3306,1216.0,553.88,38.0,2220,1008.19,3436.0,1562.07,Rural
Saint Lucie,Florida,Dry/Wet,NPP,27.3486,-80.2464,1920.0,753.02,60.0,2434,944.89,4354.0,1697.91,Urban
Crystal River,Florida,Wet,NPP,28.9575,-82.5633,1243.0,582.24,39.0,0,0,1243.0,582.24,Mixed
Millstone,Connecticut,Dry/Wet,NPP,41.3119,-72.1686,1568.0,643.58,49.0,2071,902.01,3639.0,1545.59,Mixed
San Onofre,California,Wet,NPP,33.3689,-117.555,3855.0,1609.36,123.0,0,0,3855.0,1609.36,Mixed
Diablo Canyon,California,Dry/Wet,NPP,35.2108,-120.8561,1856.0,809.13,58.0,2005,847.92,3861.0,1657.05,Mixed
Arkansas Nuclear,Arkansas,Dry/Wet,NPP,35.3103,-93.2314,2752.0,1209.59,102.0,1336,609.57,4088.0,1819.16,Rural
Palo Verde,Arizona,Dry/Wet,NPP,33.4025,-112.8556,4314.0,1847.27,170.0,2511,1092.68,6825.0,2939.95,Rural
Farley,Alabama,Dry/Wet,NPP,31.2231,-85.1133,1824.0,811.82,57.0,1984,851.52,3808.0,1663.34,Rural
Browns Ferry,Alabama,Dry/Wet,NPP,34.7039,-87.1186,8667.0,1552.05,108.0,6483,1180.31,15150.0,2732.36,Rural
Lacrosse,Wisconsin,Dry,ISFSI,43.56,-91.2314,333.0,37.97,5.0,,,333.0,37.97,Mixed
Trojan,Oregon,Dry,ISFSI,46.0383,-122.885,790.0,359.26,34.0,,,790.0,359.26,Mixed
Big Rock Point,Michigan,Dry,ISFSI,45.3589,-85.1972441,441.0,57.91,7.0,,,441.0,57.91,Mixed
Yankee Row,Massachusetts,Dry,ISFSI,42.7292,-72.9253,533.0,127.13,15.0,,,533.0,127.13,Rural
Maine Yankee,Maine,Dry,ISFSI,43.9506,-69.6958,1434.0,542.26,60.0,,,1434.0,542.26,Rural
Morris,Illinois,Wet,ISFSI,41.3897,-88.2681,,,,,,,,Mixed
Haddam Neck,Connecticut,Dry,ISFSI,41.4822,-72.4983,1019.0,413.66,40.0,,,1019.0,413.66,Mixed
Fort St. Vrain,Colorado,Dry,ISFSI,40.2456,-104.8775,,,,,,,,Rural
Rancho Seco,California,Dry,ISFSI,38.3453,-121.1217,493.0,228.38,21.0,,,493.0,228.38,Rural
Humboldt Bay,California,Dry,ISFSI,40.7411,-124.2089,390.0,28.94,5.0,,,390.0,28.94,Mixed
Hanford Site,Washington,Dry/Wet,Government Facility/Multiple,46.6475,-119.5986,,,,,,,,
Oak Ridge Reservation,Tennessee,Wet,Government Facility/Multiple,35.93,-84.31,,,,,,,,Rural
Sandia National Lab,New Mexico,Dry,Government Facility/Multiple,35.06,-105.5358,,,,,,,,
Idaho National Lab,Idaho,Dry/Wet,Government Facility/Multiple,43.52,-112.5986,,,,,,,,Rural
