Site,State,Storage,Type,Latitude,Longitude,Dry_Assy,Dry_IU,Casks,Pool_Assy,Pool_IU,Site_Assy,Site_IU,"Geocodio Latitude","Geocodio Longitude","Geocodio Accuracy Score","Geocodio Accuracy Type","Geocodio Address Line 1","Geocodio Address Line 2","Geocodio Address Line 3","Geocodio House Number","Geocodio Street","Geocodio Unit Type","Geocodio Unit Number","Geocodio City","Geocodio State","Geocodio County","Geocodio Postal Code","Geocodio Country","Geocodio Source","HMDA/CRA collection year","MSA/MD Code","FIPS state code","FIPS county code","Census tract","Principal city?","Small county code","Small county description","Split tract code","Split tract description","Demographic data code","Demographic data description","Urban/rural code","Urban/rural description","MSA/MD median family income","MSA/MD median household income","Tract median family income as a percentage of the MSA/MD median family income","FFIEC Estimated MSA/MD median family income","Income indicator","CRA poverty criteria?","CRA unemployment criteria?","CRA distressed criteria?","CRA remote rural (low density) criteria?","Previous year CRA distressed criteria?","Previous year CRA underserved criterion?","Meets at least one of current or previous year's CRA distressed/underserved tract criteria?"
"Argonne National Lab",Illinois,Dry,"Storage Facility",41.72,-87.9783,,,,,,,,41.723327,-87.983151,0.95,rooftop,"18W412 91st St",,"Lemont, IL 60439",18W412,"91st St",,,Lemont,IL,"Dupage County",60439,US,Dupage,2024,16984,17,043,845803,No,T,"Tract record",N,"Tract number occurs within one MA",D,"Total persons/population and median family income are not 0",M,Mixed,92622,74236,82.55,109800,Middle,No,No,No,No,No,No,No
"Savannah River Site",Georgia,Dry/Wet,"Storage Facility",33.3403,-81.7453,,,,,,,,33.343562,-81.740456,0.94,rooftop,"20000 Srs-1",,"Aiken, SC 29808",20000,Srs-1,,,Aiken,SC,"Aiken County",29808,US,"City of Aiken",2024,12260,45,003,980100,No,T,"Tract record",N,"Tract number occurs within one MA",X,"Total persons/population or median family income is 0",R,Rural,67596,55049,0,87100,Unknown,No,No,No,No,No,No,No
"BWX Technologies - Fuel Cycle Facility",Virginia,Wet,Other,37.403611,-79.77,37.401846,-79.773983,0.96,rooftop,"1237 Villamont Church Rd",,"Blue Ridge, VA 24064",1237,"Villamont Church Rd",,,"Blue Ridge",VA,"Bedford County",24064,US,Bedford,2024,31340,51,019,030605,No,T,"Tract record",N,"Tract number occurs within one MA",D,"Total persons/population and median family income are not 0",M,Mixed,70981,56983,98.86,81100,Middle,No,No,No,No,No,No,No
"Point Beach",Wisconsin,Dry/Wet,NPP,44.2811,-87.5367,1694,643.09,56,1134,443.57,2828,1086.66,44.277925,-87.534842,0.96,rooftop,"6610 Nuclear Rd",,"Two Rivers, WI 54241",6610,"Nuclear Rd",,,"Two Rivers",WI,"Manitowoc County",54241,US,Manitowoc,2024,99999,55,071,010100,No,T,"Tract record",N,"Tract number occurs within one MA",D,"Total persons/population and median family income are not 0",M,Mixed,71403,57648,98.25,86700,Middle,No,No,No,No,No,No,No
Kewaunee,Wisconsin,Dry/Wet,NPP,44.3422,-87.5361,1335,518.7,38,0,0,1335,518.7,44.34333,-87.537922,1,rooftop,"N490 Hy",,"Kewaunee, WI 54216",N490,Hy,,,Kewaunee,WI,"Kewaunee County",54216,US,Kewaunee,2024,24580,55,061,960500,No,S,"Small County",N,"Tract number occurs within one MA",D,"Total persons/population and median family income are not 0",R,Rural,81870,64951,102.07,96900,Middle,No,No,No,No,No,No,No
"Columbia Generating Station",Washington,Dry/Wet,NPP,46.4711,-119.3339,3672,645.63,54,1192,216.19,4864,861.82,46.4711,-119.3339,0.03,nearest_place,,,"West Richland, WA 99353",,,,,"West Richland",WA,"Benton County",99353,US,"TIGER/Line® dataset from the US Census Bureau",,,,,,,,,,,,,,,,,,,,,,,,,,
Surry,Virginia,Dry/Wet,NPP,37.1656,-76.6978,2824,1295.01,97,830,380.23,3654,1675.24,37.166551,-76.699485,1,rooftop,"5850 Hog Island Rd",,"Surry, VA 23883",5850,"Hog Island Rd",,,Surry,VA,"Surry County",23883,US,"Virginia Geographic Information Network (VGIN)",2024,47260,51,181,860100,No,S,"Small County",N,"Tract number occurs within one MA",D,"Total persons/population and median family income are not 0",R,Rural,82516,68237,66.01,100900,Moderate,No,No,No,No,No,No,No
"North Anna",Virginia,Dry/Wet,NPP,38.0606,-77.7894,2397,1111.67,74,1232,569.17,3629,1680.84,38.054437,-77.800255,0.88,rooftop,"1022 Haley Dr",,"Mineral, VA 23117",1022,"Haley Dr",,,Mineral,VA,"Louisa County",23117,US,Louisa,2024,99999,51,109,950102,No,T,"Tract record",N,"Tract number occurs within one MA",D,"Total persons/population and median family income are not 0",R,Rural,61219,48132,113.61,73900,Middle,No,No,No,No,No,No,No
"Vermont Yankee",Vermont,Dry/Wet,NPP,42.7789,-72.5131,3880,705.66,58,0,0,3880,705.66,42.779048,-72.51303,1,rooftop,"320 Governor Hunt Rd",,"Vernon, VT 05354",320,"Governor Hunt Rd",,,Vernon,VT,"Windham County",05354,US,"Statewide (VT Enhanced 911 Board, VCGI)",2024,99999,50,025,968700,No,T,"Tract record",N,"Tract number occurs within one MA",D,"Total persons/population and median family income are not 0",M,Mixed,77189,59798,123.63,95000,Upper,No,No,No,No,No,No,No
"South Texas",Texas,Wet,NPP,28.7956,-96.0489,814,436.21,22,2423,1296.93,3237,1733.14,28.796069,-96.049916,1,rooftop,"10960 Farm To Market Rd 521",,"Palacios, TX 77465",10960,"Farm To Market Rd 521",,,Palacios,TX,"Matagorda County",77465,US,"Statewide TX",2024,99999,48,321,730600,No,T,"Tract record",N,"Tract number occurs within one MA",D,"Total persons/population and median family income are not 0",R,Rural,61809,50500,121.06,75500,Upper,No,No,No,No,No,No,No
"Comanche Peak",Texas,Dry/Wet,NPP,32.2983,-97.785,1728,720.15,54,1901,808.06,3629,1528.21,32.2983,-97.785,0.06,nearest_place,,,"Rainbow, TX 76077",,,,,Rainbow,TX,"Somervell County",76077,US,"TIGER/Line® dataset from the US Census Bureau",,,,,,,,,,,,,,,,,,,,,,,,,,
"Watts Bar",Tennessee,Wet,NPP,35.6028,-84.7894,962,443.26,26,790,363.18,1752,806.44,35.602003,-84.789444,1,rooftop,"1270 Nuclear Plant Rd",,"Spring City, TN 37381",1270,"Nuclear Plant Rd",,,"Spring City",TN,"Rhea County",37381,US,"Statewide TN",2024,99999,47,143,975100,No,T,"Tract record",N,"Tract number occurs within one MA",D,"Total persons/population and median family income are not 0",R,Rural,55998,44765,110.45,69100,Middle,No,No,No,No,No,No,No
Sequoyah,Tennessee,Dry/Wet,NPP,35.2264,-85.0917,2370,1086.12,70,1548,704.19,3918,1790.31,35.226648,-85.092029,1,rooftop,"2600 Igou Ferry Rd",,"Soddy Daisy, TN 37379",2600,"Igou Ferry Rd",,,"Soddy Daisy",TN,"Hamilton County",37379,US,Hamilton,2024,16860,47,065,010304,No,T,"Tract record",N,"Tract number occurs within one MA",D,"Total persons/population and median family income are not 0",M,Mixed,70533,54425,129.86,92100,Upper,No,No,No,No,No,No,No
Summer,"South Carolina",Dry/Wet,NPP,34.2986,-81.3147,444,188.81,12,1256,535.78,1700,724.59,34.297241,-81.317376,0.97,nearest_street,"509 Stairway Rd",,"Jenkinsville, SC 29065",509,"Stairway Rd",,,Jenkinsville,SC,"Fairfield County",29065,US,"TIGER/Line® from the US Census Bureau",2024,17900,45,039,960100,No,S,"Small County",N,"Tract number occurs within one MA",D,"Total persons/population and median family income are not 0",R,Rural,71993,56680,94.87,86300,Middle,No,No,No,No,No,No,No
Robinson,"South Carolina",Dry/Wet,NPP,34.4028,-80.1583,800,346.42,39,302,128.6,1102,475.02,34.401471,-80.159067,1,rooftop,"3512 Lakeside Dr",,"Hartsville, SC 29550",3512,"Lakeside Dr",,,Hartsville,SC,"Darlington County",29550,US,Darlington,2024,22500,45,031,010200,No,T,"Tract record",N,"Tract number occurs within one MA",D,"Total persons/population and median family income are not 0",M,Mixed,58215,45037,90.51,75500,Middle,No,No,No,No,No,No,No
Oconee,"South Carolina",Dry/Wet,NPP,34.7939,-82.8981,4080,1907.35,170,1455,695.04,5535,2602.39,34.794653,-82.898301,1,rooftop,"7812 Rochester Hig",,"Seneca, SC 29672",7812,"Rochester Hig",,,Seneca,SC,"Oconee County",29672,US,"Oconee County",2024,99999,45,073,030602,No,T,"Tract record",N,"Tract number occurs within one MA",D,"Total persons/population and median family income are not 0",M,Mixed,53794,40706,141.42,65600,Upper,No,No,No,No,No,No,No
Catawba,"South Carolina",Dry/Wet,NPP,35.0517,-81.07,1686,757.25,54,2076,929.08,3762,1686.33,35.051326,-81.071827,1,rooftop,"4806 Concord Rd",,"York, SC 29745",4806,"Concord Rd",,,York,SC,"York County",29745,US,York,2024,16740,45,091,061708,No,T,"Tract record",N,"Tract number occurs within one MA",D,"Total persons/population and median family income are not 0",M,Mixed,80486,65725,164.25,100300,Upper,No,No,No,No,No,No,No
"Three Mile Island",Pennsylvania,Wet,NPP,40.1539,-76.7247,1663,786.49,46,0,0,1663,786.49,40.151214,-76.72449,0.97,rooftop,"1 Liberty Ln - Northern Part of Tmi Is",,"Middletown, PA 17057",1,"Liberty Ln - Northern Part of Tmi Is",,,Middletown,PA,"Dauphin County",17057,US,Dauphin,2024,25420,42,043,024001,No,T,"Tract record",N,"Tract number occurs within one MA",D,"Total persons/population and median family income are not 0",M,Mixed,84347,67219,87.24,97900,Middle,No,No,No,No,No,No,No
Susqehanna,Pennsylvania,Dry/Wet,NPP,41.0889,-76.1489,7672,1352.67,127,3809,674.47,11481,2027.14,41.088176,-76.147468,1,rooftop,"799 Salem Blvd",,"Berwick, PA 18603",799,"Salem Blvd",,,Berwick,PA,"Luzerne County",18603,US,Luzerne,2024,42540,42,079,216100,No,T,"Tract record",N,"Tract number occurs within one MA",D,"Total persons/population and median family income are not 0",M,Mixed,70003,53853,105.87,83000,Middle,No,No,No,No,No,No,No
"Peach Bottom",Pennsylvania,Dry/Wet,NPP,39.7583,-76.2681,7324,1322.42,104,5478,992.6,12802,2315.02,39.760864,-76.266887,0.77,rooftop,"1848 Lay Rd",,"Drumore, PA 17518",1848,"Lay Rd",,,Drumore,PA,"Lancaster County",17518,US,York,2024,29540,42,071,014502,No,T,"Tract record",N,"Tract number occurs within one MA",D,"Total persons/population and median family income are not 0",R,Rural,82568,69588,96.42,106700,Middle,No,No,No,No,No,No,No
Limerick,Pennsylvania,Dry/Wet,NPP,40.2267,-75.5872,3889,686.45,61,6166,1118.79,10055,1805.24,40.225447,-75.585638,1,rooftop,"3146 Sanatoga Rd",,"Pottstown, PA 19464",3146,"Sanatoga Rd",,,Pottstown,PA,"Montgomery County",19464,US,Montgomery,2024,33874,42,091,208603,No,T,"Tract record",N,"Tract number occurs within one MA",D,"Total persons/population and median family income are not 0",U,Urban,117345,95985,91.31,143700,Middle,No,No,No,No,No,No,No
"Beaver Valley",Pennsylvania,Dry/Wet,NPP,40.6233,-80.4306,740,342.16,20,2374,1096.19,3114,1438.35,40.624567,-80.429068,1,rooftop,"990004A Railroad Xing",,"Shippingport, PA 15077",990004A,"Railroad Xing",,,Shippingport,PA,"Beaver County",15077,US,Beaver,2024,38300,42,007,602900,No,T,"Tract record",N,"Tract number occurs within one MA",D,"Total persons/population and median family income are not 0",R,Rural,81197,61403,112.08,99100,Middle,No,No,No,No,No,No,No
Perry,Ohio,Dry/Wet,NPP,41.8008,-81.1433,1877,340.15,27,3055,550.52,4932,890.67,41.7945,-81.145665,0.93,nearest_street,"5 Center Rd",,"Perry, OH 44081",5,"Center Rd",,,Perry,OH,"Lake County",44081,US,"TIGER/Line® from the US Census Bureau",2024,17410,39,085,206300,No,T,"Tract record",N,"Tract number occurs within one MA",D,"Total persons/population and median family income are not 0",M,Mixed,75548,56674,120.11,94100,Upper,No,No,No,No,No,No,No
Davis-Besse,Ohio,Dry/Wet,NPP,41.5967,-83.0864,496,238.02,15,1014,481.96,1510,719.98,41.597282,-83.090675,0.96,rooftop,"5501 State Rte 2",,"Oak Harbor, OH 43449",5501,"State Rte 2",,,"Oak Harbor",OH,"Ottawa County",43449,US,"Ottawa County",2024,41780,39,123,050800,No,T,"Tract record",N,"Tract number occurs within one MA",D,"Total persons/population and median family income are not 0",R,Rural,75043,58871,113.89,88300,Middle,No,No,No,No,No,No,No
"Shearon Harris","North Carolina",Wet,NPP,35.6333,-78.955,0,0,0,6417,1704.32,6417,1704.32,35.636554,-78.947598,0.92,rooftop,"5301 Shearon Harris Rd",,"New Hill, NC 27562",5301,"Shearon Harris Rd",,,"New Hill",NC,"Wake County",27562,US,"NC Geographic Information Coordinating Council",2024,39580,37,183,053209,No,T,"Tract record",N,"Tract number occurs within one MA",D,"Total persons/population and median family income are not 0",M,Mixed,96929,78706,137.4,122300,Upper,No,No,No,No,No,No,No
McGuire,"North Carolina",Dry/Wet,NPP,35.4325,-80.9483,2287,1023.87,73,2002,910.7,4289,1934.57,35.432308,-80.948533,1,rooftop,"12700 Hagers Ferry Rd",,"Huntersville, NC 28078",12700,"Hagers Ferry Rd",,,Huntersville,NC,"Mecklenburg County",28078,US,Mecklenburg,2024,16740,37,119,006220,No,T,"Tract record",N,"Tract number occurs within one MA",D,"Total persons/population and median family income are not 0",M,Mixed,80486,65725,167.5,100300,Upper,No,No,No,No,No,No,No
Brunswick,"North Carolina",Dry/Wet,NPP,33.9583,-78.0103,3172,561.35,52,2146,470.57,5318,1031.92,33.958782,-78.009959,1,rooftop,"8470 River Rd",,"Southport, NC 28461",8470,"River Rd",,,Southport,NC,"Brunswick County",28461,US,"NC Geographic Information Coordinating Council",2024,48900,37,019,020306,No,T,"Tract record",N,"Tract number occurs within one MA",D,"Total persons/population and median family income are not 0",M,Mixed,75808,58213,140.75,96300,Upper,No,No,No,No,No,No,No
"Nine Mile Point","New York",Dry/Wet,NPP,43.5208,-76.4069,3330,588.36,50,5706,1019.38,9036,1607.74,43.521247,-76.404261,1,rooftop,"348 Lake Rd",,"Oswego, NY 13126",348,"Lake Rd",,,Oswego,NY,"Oswego County",13126,US,"NYS GIS Program Office, State Geographic Information Officer (GIO)",2024,45060,36,075,021504,No,T,"Tract record",N,"Tract number occurs within one MA",D,"Total persons/population and median family income are not 0",M,Mixed,79766,61890,77.68,94800,Moderate,No,No,No,No,No,No,No
"Indian Point","New York",Dry/Wet,NPP,41.2697,-73.9522,2443,1070.01,77,1558,706.61,4001,1776.62,41.269842,-73.949434,1,rooftop,"450 Broadway",,"Buchanan, NY 10511",450,Broadway,,,Buchanan,NY,"Westchester County",10511,US,Westchester,2024,35614,36,119,014000,No,T,"Tract record",N,"Tract number occurs within one MA",D,"Total persons/population and median family income are not 0",M,Mixed,85483,73561,137.8,101900,Upper,No,No,No,No,No,No,No
Ginna,"New York",Dry/Wet,NPP,43.2778,-77.31,448,163.95,14,1109,416.42,1557,580.37,43.272836,-77.309182,0.94,rooftop,"1487 Lake Rd",,"Ontario, NY 14519",1487,"Lake Rd",,,Ontario,NY,"Wayne County",14519,US,"NYS GIS Program Office, State Geographic Information Officer (GIO)",2024,40380,36,117,020103,No,T,"Tract record",N,"Tract number occurs within one MA",D,"Total persons/population and median family income are not 0",R,Rural,79424,61905,119.61,98700,Middle,No,No,No,No,No,No,No
FitzPatrick,"New York",Dry/Wet,NPP,43.5233,-76.3983,2176,389.12,32,2428,448.87,4604,837.99,43.521832,-76.395782,0.97,rooftop,"268 Lake Rd",,"Oswego, NY 13126",268,"Lake Rd",,,Oswego,NY,"Oswego County",13126,US,"NYS GIS Program Office, State Geographic Information Officer (GIO)",2024,45060,36,075,021504,No,T,"Tract record",N,"Tract number occurs within one MA",D,"Total persons/population and median family income are not 0",M,Mixed,79766,61890,77.68,94800,Moderate,No,No,No,No,No,No,No
"Oyster Creek","New Jersey",Dry/Wet,NPP,39.8147,-74.205,4504,802.24,67,0,0,4504,802.24,39.815159,-74.204636,1,rooftop,"804 S Main St",,"Forked River, NJ 08731",804,"S Main St",,,"Forked River",NJ,"Ocean County",08731,US,"NJ Office of Information Technology (NJOIT), Office of Geographic Information Systems (OGIS)",2024,29484,34,029,732004,No,T,"Tract record",N,"Tract number occurs within one MA",D,"Total persons/population and median family income are not 0",M,Mixed,113495,91851,94.36,135900,Middle,No,No,No,No,No,No,No
"Hope Creek/Salem","New Jersey",Dry/Wet,NPP,39.4678,-75.5381,3752,1078.17,79,5325,1605.75,9077,2683.92,39.4678,-75.5381,0.08,nearest_place,,,"Port Penn, DE 19731",,,,,"Port Penn",DE,,19731,US,"TIGER/Line® dataset from the US Census Bureau",,,,,,,,,,,,,,,,,,,,,,,,,,
Seabrook,"New Hampshire",Dry/Wet,NPP,42.8989,-70.8508,960,439.52,30,727,332.55,1687,772.07,42.898775,-70.849795,1,rooftop,"626 Lafayette Rd",,"Seabrook, NH 03874",626,"Lafayette Rd",,,Seabrook,NH,"Rockingham County",03874,US,"Statewide NH",2024,40484,33,015,063003,No,T,"Tract record",N,"Tract number occurs within one MA",D,"Total persons/population and median family income are not 0",M,Mixed,107377,87124,71.87,138600,Moderate,No,No,No,No,No,No,No
"Fort Calhoun",Nebraska,Dry/Wet,NPP,41.5203,-96.077222,1264,465.98,40,0,0,1264,465.98,41.517128,-96.078987,0.96,nearest_street,"9898 Power Ln",,"Blair, NE 68008",9898,"Power Ln",,,Blair,NE,"Washington County",68008,US,"TIGER/Line® from the US Census Bureau",2024,36540,31,177,050102,No,S,"Small County",N,"Tract number occurs within one MA",D,"Total persons/population and median family income are not 0",M,Mixed,87733,69439,70.32,109700,Moderate,No,No,No,No,No,No,No
Cooper,Nebraska,Dry/Wet,NPP,40.3619,-95.6414,1830,329.17,30,1626,296.59,3456,625.76,40.36706,-95.645963,0.93,rooftop,"29 5 16 Sec Leased Gov't Land Lb271",,"Brownville, NE 68321",29,"5 16 Sec Leased Gov't Land Lb271",,,Brownville,NE,"Nemaha County",68321,US,Nemaha,2024,99999,31,127,968100,No,S,"Small County",N,"Tract number occurs within one MA",D,"Total persons/population and median family income are not 0",R,Rural,70804,55921,99.74,85800,Middle,No,No,No,Yes,No,Yes,Yes
Callaway,Missouri,Dry/Wet,NPP,38.761667,-91.78,1110,465.82,30,1083,461.94,2193,927.76,38.761661,-91.797243,0.85,nearest_street,"8074 State Hwy Cc",,"Steedman, MO 65077",8074,"State Hwy Cc",,,Steedman,MO,"Callaway County",65077,US,"TIGER/Line® from the US Census Bureau",2024,27620,29,027,070200,No,T,"Tract record",N,"Tract number occurs within one MA",D,"Total persons/population and median family income are not 0",R,Rural,75505,60586,80.06,100500,Middle,No,No,No,No,No,No,No
"Grand Gulf",Mississippi,Dry/Wet,NPP,32.0072,-91.0478,2992,524.73,44,3260,591.65,6252,1116.38,32.007169,-91.047695,1,rooftop,"7003 Bald Hill Rd",,"Port Gibson, MS 39150",7003,"Bald Hill Rd",,,"Port Gibson",MS,"Claiborne County",39150,US,Claiborne,2024,99999,28,021,950100,No,S,"Small County",N,"Tract number occurs within one MA",D,"Total persons/population and median family income are not 0",R,Rural,52591,40642,48.13,64400,Low,No,No,No,No,No,No,No
"Prairie Island",Minnesota,Dry/Wet,NPP,44.6217,-92.6331,2000,735.16,50,1087,412.92,3087,1148.08,44.622463,-92.641138,0.94,rooftop,"1717 Wakonade Dr",,"Welch, MN 55089",1717,"Wakonade Dr",,,Welch,MN,"Goodhue County",55089,US,Goodhue,2024,99999,27,049,080202,No,T,"Tract record",N,"Tract number occurs within one MA",D,"Total persons/population and median family income are not 0",M,Mixed,74710,58919,129.87,90300,Upper,No,No,No,No,No,No,No
Monticello,Minnesota,Dry/Wet,NPP,45.3336,-93.8492,1830,317.17,30,1052,183.98,2882,501.15,45.334055,-93.849097,1,rooftop,"2807 County Rd 75 W",,"Monticello, MN 55362",2807,"County Rd 75 W",,,Monticello,MN,"Wright County",55362,US,"Statewide MN",2024,33460,27,171,100203,No,T,"Tract record",N,"Tract number occurs within one MA",D,"Total persons/population and median family income are not 0",M,Mixed,103977,82887,65.83,123700,Moderate,No,No,No,No,No,No,No
Palisades,Michigan,Dry/Wet,NPP,42.3228,-86.3144,1355,552.69,49,698,297.79,2053,850.48,42.323311,-86.314378,1,rooftop,"27780 Blue Star Hwy",,"Covert, MI 49043",27780,"Blue Star Hwy",,,Covert,MI,"Van Buren County",49043,US,Allegan,2024,99999,26,159,010600,No,T,"Tract record",N,"Tract number occurs within one MA",D,"Total persons/population and median family income are not 0",M,Mixed,63042,50885,50.85,78300,Moderate,No,No,No,No,No,No,No
Fermi,Michigan,Dry/Wet,NPP,41.9628,-83.2575,1564,273.96,23,2648,471.77,4212,745.73,41.962897,-83.257318,1,rooftop,"5998 Enrico Fermi Dr",,"Newport, MI 48166",5998,"Enrico Fermi Dr",,,Newport,MI,"Monroe County",48166,US,Semcog,2024,33780,26,115,831202,No,T,"Tract record",N,"Tract number occurs within one MA",D,"Total persons/population and median family income are not 0",M,Mixed,80507,65453,103.84,96500,Middle,No,No,No,No,No,No,No
"D.C. Cook",Michigan,Dry/Wet,NPP,41.975556,-86.565278,1824,794.26,57,2688,1181.03,4512,1975.29,41.969704,-86.565415,0.93,nearest_street,"4572 Livingston Rd",,"Bridgman, MI 49106",4572,"Livingston Rd",,,Bridgman,MI,"Berrien County",49106,US,"TIGER/Line® from the US Census Bureau",2024,35660,26,021,011101,No,T,"Tract record",N,"Tract number occurs within one MA",D,"Total persons/population and median family income are not 0",M,Mixed,67533,52500,122.11,85700,Upper,No,No,No,No,No,No,No
Pilgrim,Massachusetts,Dry/Wet,NPP,41.945,-70.5783,4116,734.82,62,0,0,4116,734.82,41.944183,-70.578501,1,rooftop,"600 Rocky Hill Rd",,"Plymouth, MA 02360",600,"Rocky Hill Rd",,,Plymouth,MA,"Plymouth County",02360,US,"Office of Geographic Information (MassGIS), Commonwealth of Massachusetts, MassIT",2024,14454,25,023,530700,No,T,"Tract record",N,"Tract number occurs within one MA",D,"Total persons/population and median family income are not 0",M,Mixed,112607,90063,108.01,136200,Middle,No,No,No,No,No,No,No
"Calvert Cliffs",Maryland,Dry/Wet,NPP,38.4319,-76.4422,2846,1105.76,100,1411,570.8,4257,1676.56,38.432178,-76.446052,0.97,nearest_street,"513 Camp Convoy Rd",,"Lusby, MD 20657",513,"Camp Convoy Rd",,,Lusby,MD,"Calvert County",20657,US,"TIGER/Line® from the US Census Bureau",2024,30500,24,009,861100,No,T,"Tract record",N,"Tract number occurs within one MA",D,"Total persons/population and median family income are not 0",M,Mixed,115881,103264,112.6,146000,Middle,No,No,No,No,No,No,No
Waterford,Louisiana,Dry/Wet,NPP,29.9953,-90.4711,992,415.14,31,1254,533.11,2246,948.25,29.996466,-90.470888,1,rooftop,"17405 River Rd",,"Killona, LA 70057",17405,"River Rd",,,Killona,LA,"St. Charles Parish",70057,US,"St Charles Parish",2024,35380,22,089,062700,No,T,"Tract record",N,"Tract number occurs within one MA",D,"Total persons/population and median family income are not 0",M,Mixed,68021,51625,118.72,82700,Middle,No,No,No,No,No,No,No
"River Bend",Louisiana,Dry/Wet,NPP,30.756667,-91.333333,2516,446.74,37,2056,369.1,4572,815.84,30.758735,-91.331454,0.97,rooftop,"3947 Rbs Access Rd",,"Saint Francisville, LA 70775",3947,"Rbs Access Rd",,,"Saint Francisville",LA,"West Feliciana Parish",70775,US,"West Feliciana",2024,12940,22,125,951803,No,S,"Small County",N,"Tract number occurs within one MA",D,"Total persons/population and median family income are not 0",R,Rural,77948,60043,169.58,86800,Upper,No,No,No,No,No,No,No
"Wolf Creek",Kansas,Wet,NPP,38.2389,-95.6889,185,84.39,5,1827,838.63,2012,923.02,38.243264,-95.687355,0.95,rooftop,"1500 Oxen Ln",,"Burlington, KS 66839",1500,"Oxen Ln",,,Burlington,KS,"Coffey County",66839,US,"Coffey County",2024,99999,20,031,966100,No,S,"Small County",N,"Tract number occurs within one MA",D,"Total persons/population and median family income are not 0",R,Rural,65183,51482,119.53,80900,Middle,No,No,No,No,No,No,No
"Duane Arnold",Iowa,Dry/Wet,NPP,42.1006,-91.7772,3648,662.64,60,0,0,3648,662.64,42.100737,-91.777257,1,rooftop,"3277 Daec Rd",,"Palo, IA 52324",3277,"Daec Rd",,,Palo,IA,"Linn County",52324,US,"Statewide IA",2024,16300,19,113,010600,Yes,T,"Tract record",N,"Tract number occurs within one MA",D,"Total persons/population and median family income are not 0",M,Mixed,85854,66620,142.03,101700,Upper,No,No,No,No,No,No,No
Zion,Illinois,Dry,NPP,42.4461,-87.8028,2226,1019.41,61,-,-,2226,1019.41,42.449512,-87.803926,0.96,nearest_street,"116 Shiloh Blvd",,"Zion, IL 60099",116,"Shiloh Blvd",,,Zion,IL,"Lake County",60099,US,"TIGER/Line® from the US Census Bureau",2024,29404,17,097,860200,No,T,"Tract record",N,"Tract number occurs within one MA",D,"Total persons/population and median family income are not 0",M,Mixed,112326,92654,54.31,129600,Moderate,No,No,No,No,No,No,No
"Quad Cities",Illinois,Dry/Wet,NPP,41.7264,-90.31,4692,831.74,69,6267,1108.26,10959,1940.00,41.7284,-90.309243,1,nearest_street,"22522 206th Ave N",,"Cordova, IL 61242",22522,"206th Ave N",,,Cordova,IL,"Rock Island County",61242,US,"TIGER/Line® from the US Census Bureau",2024,19340,17,161,020103,No,T,"Tract record",N,"Tract number occurs within one MA",D,"Total persons/population and median family income are not 0",R,Rural,76902,59876,106.87,89500,Middle,No,No,No,No,No,No,No
"La Salle",Illinois,Dry/Wet,NPP,41.2456,-88.6692,,,,,,,,41.237996,-88.670442,0.91,nearest_street,"2552 N 21st Rd",,"Marseilles, IL 61341",2552,"N 21st Rd",,,Marseilles,IL,"Lasalle County",61341,US,"TIGER/Line® from the US Census Bureau",2024,99999,17,099,963700,No,T,"Tract record",N,"Tract number occurs within one MA",D,"Total persons/population and median family income are not 0",M,Mixed,67835,52827,112.86,82800,Middle,No,Yes,No,No,No,No,Yes
Dresden,Illinois,Dry/Wet,NPP,41.3894,-88.2533,5365,940.8,78,5519,972.86,11884,1913.66,41.392462,-88.250871,0.96,rooftop,"26942 S River Bluff Dr",,"Channahon, IL 60410",26942,"S River Bluff Dr",,,Channahon,IL,"Grundy County",60410,US,Will,2024,16984,17,063,000103,No,T,"Tract record",N,"Tract number occurs within one MA",D,"Total persons/population and median family income are not 0",M,Mixed,92622,74236,101.51,109800,Middle,No,No,No,No,No,No,No
Clinton,Illinois,Wet,NPP,40.1722,-88.835,1602,291,18,2706,492.48,4308,783.48,40.171847,-88.835685,1,rooftop,"8401 Power Rd",,"Clinton, IL 61727",8401,"Power Rd",,,Clinton,IL,"De Witt County",61727,US,Dewitt,2024,99999,17,039,971500,No,S,"Small County",N,"Tract number occurs within one MA",D,"Total persons/population and median family income are not 0",M,Mixed,67835,52827,115.06,82800,Middle,No,No,No,No,No,No,No
Byron,Illinois,Dry/Wet,NPP,42.0742,-89.2819,1536,647.44,48,2555,1072.78,4091,1720.22,42.074249,-89.27734,0.96,nearest_street,"4117 N German Church Rd",,"Byron, IL 61010",4117,"N German Church Rd",,,Byron,IL,"Ogle County",61010,US,"TIGER/Line® from the US Census Bureau",2024,99999,17,141,961302,No,T,"Tract record",N,"Tract number occurs within one MA",D,"Total persons/population and median family income are not 0",M,Mixed,67835,52827,146.03,82800,Upper,No,No,No,No,No,No,No
Braidwood,Illinois,Dry/Wet,NPP,41.2436,-88.2292,1312,552.14,41,2580,1083.41,3892,1635.55,41.240926,-88.230843,0.97,rooftop,"UTILITY S Rt 53",,"Braceville, IL 60407",UTILITY,"S Rt 53",,,Braceville,IL,"Will County",60407,US,Will,2024,16984,17,197,884004,No,T,"Tract record",N,"Tract number occurs within one MA",D,"Total persons/population and median family income are not 0",M,Mixed,92622,74236,72.03,109800,Moderate,No,No,No,No,No,No,No
Vogtle,Georgia,Dry/Wet,NPP,33.1433,-81.7606,1696,741.98,53,2255,956.23,3951,1698.21,33.1433,-81.7606,0.04,nearest_place,,,"Girard, GA 30426",,,,,Girard,GA,"Burke County",30426,US,"TIGER/Line® dataset from the US Census Bureau",,,,,,,,,,,,,,,,,,,,,,,,,,
Hatch,Georgia,Dry/Wet,NPP,31.9342,-82.3439,6392,1147.39,94,3863,702.64,10255,1850.03,31.923373,-82.35459,0.84,rooftop,"422 Deen Landing Rd",,"Baxley, GA 31513",422,"Deen Landing Rd",,,Baxley,GA,"Appling County",31513,US,"Appling County",2024,99999,13,001,950100,No,S,"Small County",N,"Tract number occurs within one MA",D,"Total persons/population and median family income are not 0",R,Rural,55981,44478,120.13,69300,Upper,No,No,No,No,No,No,No
"Turkey Point",Florida,Dry/Wet,NPP,25.4342,-80.3306,1216,553.88,38,2220,1008.19,3436,1562.07,25.435159,-80.331211,1,rooftop,"9700 SW 344th St",,"Homestead, FL 33035",9700,"SW 344th St",,,Homestead,FL,"Miami-Dade County",33035,US,"Miami Dade (CC0 1.0 Miami-Dade County)",2024,33124,12,086,981200,No,T,"Tract record",N,"Tract number occurs within one MA",X,"Total persons/population or median family income is 0",R,Rural,60666,53975,0,79400,Unknown,No,No,No,No,No,No,No
"Saint Lucie",Florida,Dry/Wet,NPP,27.3486,-80.2464,1920,753.02,60,2434,944.89,4354,1697.91,27.347842,-80.246193,1,rooftop,"6501 S Ocean Dr",,"Jensen Beach, FL 34957",6501,"S Ocean Dr",,,"Jensen Beach",FL,"St. Lucie County",34957,US,Loveland,2024,38940,12,111,381702,No,T,"Tract record",N,"Tract number occurs within one MA",D,"Total persons/population and median family income are not 0",U,Urban,68546,58039,97.01,87800,Middle,No,No,No,No,No,No,No
"Crystal River",Florida,Wet,NPP,28.9575,-82.5633,1243,582.24,39,0,0,1243,582.24,28.957199,-82.563287,1,rooftop,"6538 N Oakfield Pt",,"Dunnellon, FL 34433",6538,"N Oakfield Pt",,,Dunnellon,FL,"Citrus County",34433,US,"Citrus (Citrus County)",2024,26140,12,017,450308,No,T,"Tract record",N,"Tract number occurs within one MA",D,"Total persons/population and median family income are not 0",M,Mixed,57253,45689,167.72,66500,Upper,No,No,No,No,No,No,No
Millstone,Connecticut,Dry/Wet,NPP,41.3119,-72.1686,1568,643.58,49,2071,902.01,3639,1545.59,41.313971,-72.160861,0.93,rooftop,"240 Millstone Rd E",,"Waterford, CT 06385",240,"Millstone Rd E",,,Waterford,CT,"Southeastern Connecticut Planning Region",06385,US,"Connecticut Geospatial Information Systems Council",2024,35980,09,180,693300,No,T,"Tract record",N,"Tract number occurs within one MA",D,"Total persons/population and median family income are not 0",M,Mixed,87992,71261,110.51,105900,Middle,No,No,No,No,No,No,No
"San Onofre",California,Wet,NPP,33.3689,-117.555,3855,1609.36,123,0,0,3855,1609.36,33.370013,-117.55233,0.97,nearest_street,I-5,,"San Clemente, CA 92672",,I-5,,,"San Clemente",CA,"San Diego County",92672,US,"OpenStreetMap Contributors",2024,41740,06,073,018700,No,T,"Tract record",N,"Tract number occurs within one MA",D,"Total persons/population and median family income are not 0",M,Mixed,95623,82426,55.42,119500,Moderate,No,No,No,No,No,No,No
"Diablo Canyon",California,Dry/Wet,NPP,35.2108,-120.8561,1856,809.13,58,2005,847.92,3861,1657.05,35.211882,-120.854642,1,rooftop,"3886 Diablo Canyon Rd",,"Avila Beach, CA 93424",3886,"Diablo Canyon Rd",,,"Avila Beach",CA,"San Luis Obispo County",93424,US,"San Luis Obispo (San Luis Obispo County)",2024,42020,06,079,011600,Yes,T,"Tract record",N,"Tract number occurs within one MA",D,"Total persons/population and median family income are not 0",M,Mixed,97590,77948,159.81,125600,Upper,No,No,No,No,No,No,No
"Arkansas Nuclear",Arkansas,Dry/Wet,NPP,35.3103,-93.2314,2752,1209.59,102,1336,609.57,4088,1819.16,35.316516,-93.226827,0.92,rooftop,"1448 State Hwy 333",,"Russellville, AR 72802",1448,"State Hwy 333",,,Russellville,AR,"Pope County",72802,US,"Arkansas Geographic Information Office",2024,99999,05,115,950800,No,T,"Tract record",N,"Tract number occurs within one MA",D,"Total persons/population and median family income are not 0",R,Rural,53596,42312,136.9,64800,Upper,No,No,No,No,No,No,No
"Palo Verde",Arizona,Dry/Wet,NPP,33.4025,-112.8556,4314,1847.27,170,2511,1092.68,6825,2939.95,33.400726,-112.858564,0.97,nearest_street,"5602 W Palo Verde 4 Entr",,"Tonopah, AZ 85354",5602,"W Palo Verde 4 Entr",,,Tonopah,AZ,"Maricopa County",85354,US,"TIGER/Line® from the US Census Bureau",2024,38060,04,013,050603,No,T,"Tract record",N,"Tract number occurs within one MA",D,"Total persons/population and median family income are not 0",R,Rural,78930,67068,82.37,101300,Middle,No,No,No,No,No,No,No
Farley,Alabama,Dry/Wet,NPP,31.2231,-85.1133,1824,811.82,57,1984,851.52,3808,1663.34,31.224408,-85.124918,0.89,nearest_street,"7648 State Rte 95",,"Columbia, AL 36319",7648,"State Rte 95",,,Columbia,AL,"Houston County",36319,US,"TIGER/Line® from the US Census Bureau",2024,20020,01,069,041700,No,T,"Tract record",N,"Tract number occurs within one MA",D,"Total persons/population and median family income are not 0",R,Rural,61627,47608,97.35,77200,Middle,No,No,No,No,No,No,No
"Browns Ferry",Alabama,Dry/Wet,NPP,34.7039,-87.1186,8667,1552.05,108,6483,1180.31,15150,2732.36,34.710658,-87.117357,0.92,nearest_street,"10471 Shaw Rd",,"Athens, AL 35611",10471,"Shaw Rd",,,Athens,AL,"Limestone County",35611,US,"TIGER/Line® from the US Census Bureau",2024,26620,01,083,020404,No,T,"Tract record",N,"Tract number occurs within one MA",D,"Total persons/population and median family income are not 0",R,Rural,85279,66450,85.85,113600,Middle,No,No,No,No,No,No,No
Lacrosse,Wisconsin,Dry,ISFSI,43.56,-91.2314,333,37.97,5,,,333,37.97,43.559383,-91.230257,1,rooftop,"S4651 State Highway 35",,"Genoa, WI 54632",S4651,"State Highway 35",,,Genoa,WI,"Vernon County",54632,US,"Vernon (Vernon County, Wisconsin Vernon County assumes no responsibility for direct, indirect, special, consequential, exemplary or other damages. The user is responsible for determining the suitability of the information for their particular end use and understands these conditions.)",2024,29100,55,123,960700,No,T,"Tract record",N,"Tract number occurs within one MA",D,"Total persons/population and median family income are not 0",M,Mixed,78648,58993,99.91,97600,Middle,No,No,No,No,No,No,No
Trojan,Oregon,Dry,ISFSI,46.0383,-122.885,790,359.26,34,,,790,359.26,46.037932,-122.889417,0.97,rooftop,"71760 Columbia River Hwy",,"Rainier, OR 97048",71760,"Columbia River Hwy",,,Rainier,OR,"Columbia County",97048,US,"Statewide OR",2024,38900,41,009,970300,No,T,"Tract record",N,"Tract number occurs within one MA",D,"Total persons/population and median family income are not 0",M,Mixed,94727,77511,83.33,116900,Middle,No,No,No,No,No,No,No
"Big Rock Point",Michigan,Dry,ISFSI,45.3589,-85.1972441,441,57.91,7,,,441,57.91,45.361386,-85.20096,0.96,nearest_street,"11501 N PA-Be Shan Trl",,"Charlevoix, MI 49720",11501,"N PA-Be Shan Trl",,,Charlevoix,MI,"Charlevoix County",49720,US,"TIGER/Line® from the US Census Bureau",2024,99999,26,029,000400,No,S,"Small County",N,"Tract number occurs within one MA",D,"Total persons/population and median family income are not 0",M,Mixed,63042,50885,134.05,78300,Upper,No,No,No,No,No,No,No
"Yankee Row",Massachusetts,Dry,ISFSI,42.7292,-72.9253,533,127.13,15,,,533,127.13,42.727931,-72.929869,0.96,rooftop,"49 Yankee Rd",,"Rowe, MA 01367",49,"Yankee Rd",,,Rowe,MA,"Franklin County",01367,US,"Office of Geographic Information (MassGIS), Commonwealth of Massachusetts, MassIT",2024,99999,25,011,040100,No,T,"Tract record",N,"Tract number occurs within one MA",D,"Total persons/population and median family income are not 0",R,Rural,86053,65740,82.93,106700,Middle,No,No,No,No,No,No,No
"Maine Yankee",Maine,Dry,ISFSI,43.9506,-69.6958,1434,542.26,60,,,1434,542.26,43.954384,-69.694069,0.96,rooftop,"321 Old Ferry Rd",,"Wiscasset, ME 04578",321,"Old Ferry Rd",,,Wiscasset,ME,"Lincoln County",04578,US,"Maine Office of GIS",2024,99999,23,015,975500,No,T,"Tract record",N,"Tract number occurs within one MA",D,"Total persons/population and median family income are not 0",R,Rural,66193,51879,108.31,82400,Middle,No,No,No,Yes,No,Yes,Yes
Morris,Illinois,Wet,ISFSI,41.3897,-88.2681,,,,,,,,41.388393,-88.26841,1,nearest_street,"6990 N Dresden Rd",,"Morris, IL 60450",6990,"N Dresden Rd",,,Morris,IL,"Grundy County",60450,US,"TIGER/Line® from the US Census Bureau",2024,16984,17,063,000700,No,T,"Tract record",N,"Tract number occurs within one MA",D,"Total persons/population and median family income are not 0",M,Mixed,92622,74236,85.56,109800,Middle,No,No,No,No,No,No,No
"Haddam Neck",Connecticut,Dry,ISFSI,41.4822,-72.4983,1019,413.66,40,,,1019,413.66,41.482093,-72.498131,1,nearest_street,"296 Canal Rd",,"East Hampton, CT 06424",296,"Canal Rd",,,"East Hampton",CT,"Lower Connecticut River Valley Planning Region",06424,US,"TIGER/Line® from the US Census Bureau",2024,25540,09,130,590101,No,T,"Tract record",N,"Tract number occurs within one MA",D,"Total persons/population and median family income are not 0",M,Mixed,102081,78603,113.91,123800,Middle,No,No,No,No,No,No,No
"Fort St. Vrain",Colorado,Dry,ISFSI,40.2456,-104.8775,,,,,,,,40.245202,-104.877139,1,nearest_street,"16797 County Rd 19 1/2",,"Platteville, CO 80651",16797,"County Rd 19 1/2",,,Platteville,CO,"Weld County",80651,US,"TIGER/Line® from the US Census Bureau",2024,24540,08,123,001800,No,T,"Tract record",N,"Tract number occurs within one MA",D,"Total persons/population and median family income are not 0",R,Rural,85167,74332,96.69,114500,Middle,No,No,No,No,No,No,No
"Rancho Seco",California,Dry,ISFSI,38.3453,-121.1217,493,228.38,21,,,493,228.38,38.343475,-121.122376,1,rooftop,"14440 Twin Cities Rd",,"Herald, CA 95638",14440,"Twin Cities Rd",,,Herald,CA,"Sacramento County",95638,US,"Sacramento (Sacramento County CC BY 4.0)",2024,40900,06,067,009406,No,T,"Tract record",N,"Tract number occurs within one MA",D,"Total persons/population and median family income are not 0",R,Rural,90500,75533,129.99,113700,Upper,No,No,No,No,No,No,No
"Humboldt Bay",California,Dry,ISFSI,40.7411,-124.2089,390,28.94,5,,,390,28.94,40.740691,-124.210478,1,rooftop,"1000 King Salmon Ave",,"Eureka, CA 95503",1000,"King Salmon Ave",,,Eureka,CA,"Humboldt County",95503,US,"Humboldt (Humboldt County)",2024,99999,06,023,010702,No,T,"Tract record",N,"Tract number occurs within one MA",D,"Total persons/population and median family income are not 0",M,Mixed,70728,54846,114.87,87900,Middle,No,No,No,No,No,No,No
"Hanford Site",Washington,Dry/Wet,"Government Facility/Multiple",46.6475,-119.5986,,,,,,,,46.6475,-119.5986,0.03,nearest_place,,,"Mattawa, WA 99349",,,,,Mattawa,WA,"Benton County",99349,US,"TIGER/Line® dataset from the US Census Bureau",,,,,,,,,,,,,,,,,,,,,,,,,,
"Oak Ridge Reservation",Tennessee,Wet,"Government Facility/Multiple",35.93,-84.31,,,,,,,,35.931259,-84.310074,1,rooftop,"5200 Bethel Valley Rd",,"Oak Ridge, TN 37830",5200,"Bethel Valley Rd",,,"Oak Ridge",TN,"Roane County",37830,US,"Statewide TN",2024,28940,47,145,980100,No,T,"Tract record",N,"Tract number occurs within one MA",X,"Total persons/population or median family income is 0",R,Rural,71711,56513,0,87700,Unknown,No,No,No,No,No,No,No
"Sandia National Lab","New Mexico",Dry,"Government Facility/Multiple",35.06,-105.5358,,,,,,,,35.06,-105.5358,0.04,nearest_place,,,"Clines Corners, NM 87070",,,,,"Clines Corners",NM,"San Miguel County",87070,US,"TIGER/Line® dataset from the US Census Bureau",,,,,,,,,,,,,,,,,,,,,,,,,,
"Idaho National Lab",Idaho,Dry/Wet,"Government Facility/Multiple",43.52,-112.5986,,,,,,,,43.526079,-112.601772,0.93,rooftop,"Blackfoot, ID, 83221, USA Little Butte Rd",,"Blackfoot, ID 83221","Blackfoot, ID, 83221, USA","Little Butte Rd",,,Blackfoot,ID,"Bingham County",83221,US,"Statewide ID",2024,99999,16,011,950300,No,T,"Tract record",N,"Tract number occurs within one MA",D,"Total persons/population and median family income are not 0",R,Rural,62251,51026,90.62,78200,Middle,No,No,No,No,No,No,No
